{
    "intrinsics": [ [391.7276116, 0.0,           314.83665325],
                    [0.0,         524.27714316,  278.86406438],
                    [0.0,         0.0,           1.0         ]
                  ],
    "distortion": [[-0.50668134,  0.30870431, -0.00488501,  0.00406649, -0.09989994]],
    "width": 640,
    "height": 480,
    "x_fov": 78.5,
    "y_fov": 50,
    "distance_prop": 0.255
}